Goals-Principles-Decisions (GPD) Model<br><br><i>What is the GPD chain and how does it connect requirements to implementation?</i>	<b>&lt;strong&gt;GPD&lt;/strong&gt; cascades: Requirement → Goal → Principle → Decision</b><br><ul><li><strong>Goals</strong>: what to achieve (consistency, usability, reusability)</li><li><strong>Principles</strong>: general rules and boundaries derived from goals</li><li><strong>Decisions</strong>: specific implementation steps fulfilling a principle</li><li>Ensures <strong>traceability</strong> — decisions traced back through principle to goal</li><li>Challenges discussed <strong>at the principle level</strong>, decisions re-opened without touching goals</li><li><strong>Freedom of Choice</strong>: decisions can change while goals and principles remain stable</li></ul>	SWA::Blue-Architecture
Architecture Decision Records (ADR)<br><br><i>What are ADRs, their templates, and how do they prevent architectural amnesia?</i>	<b>&lt;strong&gt;5 intro questions&lt;/strong&gt;: What, How, Where, How much, Difficulties</b><br><ul><li><strong>Nygard (2011)</strong> format: Title, Context, Decision, Status, Consequences</li><li><strong>MADR</strong> adds Considered Options, Pros/Cons, and <strong>Decision Drivers</strong></li><li><strong>Decision Drivers</strong> are the <strong>hinge</strong> — turn opinion into traceable evaluation</li><li>Statuses: <strong>Proposed, Accepted, Rejected, Deprecated, Superseded</strong></li><li>SWA duties: document decisions, ensure consistency, regular review, define process</li><li><strong>Docs-as-Code</strong>: ADRs in repo, PR = review, merge = approval</li><li><strong>Fitness Functions</strong>: validate code against ADRs, report violations automatically</li></ul>	SWA::Blue-Architecture
Architecture Documentation<br><br><i>How do we define, view, and document software architecture?</i>	<b>&lt;strong&gt;IEEE 1471&lt;/strong&gt;: components, relationships, environment, governing principles</b><br><ul><li><strong>Booch</strong>: significant decisions measured by <strong>cost of change</strong></li><li><strong>Johnson</strong>: architecture is about the important stuff, whatever that is</li><li><strong>4+1 Views</strong>: Use Case, Logical, Process, Development, Physical (+n extra)</li><li><strong>C4 Model</strong>: Context (mgmt), Container (architects/DevOps), Component (dev), Code (dev)</li><li><strong>arc42</strong> template: do not delete any part; risk: incomplete or overloaded</li><li><strong>Drawing tools</strong> (Visio, PlantUML): lightweight; <strong>Modelling tools</strong> (MagicDraw): consistency</li><li>SWA duties: define needed views, keep views consistent, document decisions, review regularly</li></ul>	SWA::Blue-Architecture
Systematic Architecture Design<br><br><i>How does the L-Model guide systematic architecture from forces to implementation?</i>	<b>Architecture = &lt;strong&gt;Forces + Creativity + Communication + Decisions&lt;/strong&gt;</b><br><ul><li><strong>Forces</strong> = Requirements (functional + quality) + Constraints (infra + non-technical)</li><li><strong>ASR</strong> found via <strong>"5 miles wide, 5 inches deep"</strong> — shallow scan, then deep dive</li><li><strong>L-Model</strong>: vertical (elicitation → domain → dynamics → scope) then horizontal (design → deploy → principles → increments)</li><li>Maturity: <strong>Draft → Walking Skeleton → MVP → MMP/MLP</strong>; Skeleton = end-to-end production quality</li><li><strong>Inverse Conway</strong>: design target architecture first, reshape teams to match</li><li><strong>Pyramid</strong>: max 3 levels (System → Subsystem → Component) + cross-cutting concerns</li><li><strong>Strategic</strong> = system-wide decisions; <strong>Tactical</strong> = component-level decisions</li><li>Entire <strong>L-Model traversed every iteration</strong>; empty phases become no-op, never skipped</li></ul>	SWA::Blue-Architecture
Quality Scenarios and Design Tactics<br><br><i>How do Quality Scenarios drive tactic selection and trade-off management?</i>	<b>Quality Scenario has &lt;strong&gt;6 elements&lt;/strong&gt;: Source, Stimulus, Artifact, Environment, Response, Response Measure</b><br><ul><li><strong>Utility Tree</strong>: Root (utility) → Quality Domains → Refinements → Leaf scenarios</li><li>Each leaf rated on <strong>Business Value</strong> and <strong>Architectural Impact</strong>; <strong>H/H = ASR</strong></li><li><strong>Fault Tolerance</strong> tactics: detection (heartbeat), redundancy, rollback, transactions</li><li><strong>Security</strong> tactics: authenticate/authorize, intrusion detection, audit trail</li><li><strong>Performance</strong> tactics: manage event rate, concurrency, scheduling policy</li><li><strong>Modifiability</strong> tactics: semantic coherence, hide information, intermediary, polymorphism</li><li><strong>Design Tactic</strong> = single building block; <strong>Design Strategy</strong> = overall plan combining tactics</li><li>Trade-off management: improving one quality often degrades another (e.g., security vs performance)</li></ul>	SWA::Blue-Architecture
Architectural and Design Patterns<br><br><i>How are patterns selected, ordered, and what are their key trade-offs?</i>	<b>&lt;strong&gt;Pattern Language&lt;/strong&gt; template: problem/context, solution, behavior, consequences (trade-offs)</b><br><ul><li><strong>5-step selection</strong>: identify problem → check catalog → analyze benefits → analyze liabilities → pick simplest</li><li>Order: <strong>Quality Scenarios → Tactics → Patterns LAST</strong> (patterns implement tactics)</li><li><strong>Layered</strong>: separation of concerns; liability = <strong>sinkhole anti-pattern</strong>, lower performance</li><li><strong>Event-Driven</strong>: extreme decoupling + scalability; liability = <strong>traceability</strong> and debugging difficulty</li><li><strong>Pipes & Filters</strong>: chainable transforms; liability = <strong>not suitable for UI</strong>, parse/serialize overhead</li><li><strong>Microservices</strong>: independent deploy + scaling; liability = <strong>distributed transactions</strong>, monitoring complexity</li><li><strong>Strangler</strong>: gradual monolith migration via facade routing to new services</li><li><strong>Hexagonal</strong> (Ports & Adapters): uses <strong>Adapter pattern + Dependency Injection</strong>; flexible but more indirection</li></ul>	SWA::Blue-Architecture
Domain-Driven Design (DDD)<br><br><i>What are the strategic and tactical building blocks of DDD?</i>	<b>&lt;strong&gt;Ubiquitous Language&lt;/strong&gt;: shared strict language in code, diagrams, speech</b><br><ul><li><strong>Bounded Contexts</strong>: models valid only within a specific context boundary</li><li>3 <strong>Subdomains</strong>: <strong>Core</strong> (full DDD), <strong>Supporting</strong> (simple), <strong>Generic</strong> (buy)</li><li><strong>Context Map</strong> patterns: <strong>Shared Kernel</strong>, <strong>Conformist</strong>, <strong>Anti-corruption Layer (ACL)</strong></li><li><strong>Event Storming</strong> colors: orange=Event, blue=Command, yellow=Actor, purple=Policy</li><li>Tactical: <strong>Entity</strong> (identity+lifecycle), <strong>Value Object</strong> (immutable, no identity)</li><li><strong>Aggregate</strong> (consistency boundary via Root), <strong>Repository</strong>, <strong>Factory</strong></li><li><strong>Anemic model</strong> = anti-pattern; <strong>Rich model</strong> encapsulates domain behavior</li><li><strong>Domain Layer</strong> depends on nothing; Infrastructure implements domain interfaces</li><li><strong>Conway's Law</strong>: team structure mirrors Bounded Context boundaries</li></ul>	SWA::Blue-Architecture
Architecture in Agile Environment<br><br><i>How is architecture managed within agile development practices?</i>	<b>&lt;strong&gt;Architectural Runway&lt;/strong&gt;: architecture leads development by 1-2 sprints ahead</b><br><ul><li>4 <strong>Enablers</strong>: Exploration, Architectural, Infrastructure, Compliance</li><li>NFR types: <strong>Story-like</strong> (deliver in sprint), <strong>Constraining</strong> (acceptance criteria), <strong>Cross-cutting</strong> (spike+DoD)</li><li><strong>DoD for Architecture</strong>: done, documented (ADR), communicated, validated (PoC)</li><li><strong>Architecture Owner</strong>: part-time team representative, codes and communicates</li><li><strong>Tiger Teams</strong> conquer first; <strong>Travellers</strong> rotate between teams spreading know-how</li><li><strong>Simplicity before generality</strong>; hard-coded over excessive configuration</li><li>Architecture smells: too much abstraction, futuristic design, paper architecture</li><li>Decide at <strong>last reasonable moment</strong>: max knowledge, no team blocking</li><li><strong>Spikes</strong>: research tasks where goal is learning, not delivery</li></ul>	SWA::Blue-Architecture
Architecture Refactoring<br><br><i>How do you manage architectural refactoring and technical debt?</i>	<b>&lt;strong&gt;Lehman's 2nd Law&lt;/strong&gt;: system complexity grows naturally, causing design erosion</b><br><ul><li>Smells: <strong>External</strong> (failing builds, slow deploy) vs <strong>Internal</strong> (cyclic deps, duplication)</li><li>4 levels: <strong>Class</strong> (developer/task) → <strong>Component</strong> (team/backlog) → <strong>Subsystem</strong> (epic) → <strong>System</strong> (project/CTO)</li><li><strong>Reengineering</strong> = reverse + forward engineering; <strong>Rewriting</strong> = discard and rebuild</li><li><strong>Tech Debt Quadrant</strong>: Deliberate/Inadvertent × Prudent/Reckless (4 quadrants)</li><li>Financial metaphor: <strong>loan</strong> (quick delivery), <strong>interest</strong> (costly maintenance), <strong>repayment</strong> (refactor)</li><li>6 steps: root cause → changes → <strong>Business Case</strong> (ROI) → present → plan → schedule</li><li><strong>Corridors</strong>: reserved capacity (e.g. 15% per sprint) for maintenance</li><li><strong>Triggers</strong>: automatic response when metrics exceed limits (e.g. Sonar red)</li><li>Measure debt: static analysis, velocity drops, change density in components</li></ul>	SWA::Blue-Architecture
Experience — Architecture<br><br><i>What cross-cutting lessons emerge from real-world architecture examples?</i>	<b>&lt;strong&gt;Make the invisible visible&lt;/strong&gt;: latency diagram, ADR index, dependency cycle</b><br><ul><li><strong>Short-term workaround + documented repayment</strong> is prudent, not sloppy</li><li><strong>Decide against drivers, not opinions</strong>: GPD and MADR enable principled re-opening</li><li><strong>Bound what grows</strong>: Claim-Check and latency budgets cap scaling dimensions</li><li><strong>Architecture is a social activity</strong>: PO, PM, domain experts appear everywhere</li><li>Non-technical forces can <strong>defeat technically correct architecture</strong> (adoption, trust)</li><li>Walking Skeleton cheapest risk reducer <strong>before product-market fit</strong></li></ul>	SWA::Blue-Architecture
Systematic Architecture Design<br><br><i>How does the L-model drive systematic architecture from forces to implementation?</i>	<b>Architecture = &lt;strong&gt;Forces + Creativity + Communication + Decisions&lt;/strong&gt;</b><br><ul><li><strong>Forces = Requirements + Constraints</strong>; constraints include non-technical ones</li><li><strong>ASR</strong> identified via <strong>5 miles wide, 5 inches deep</strong> method</li><li><strong>L-model</strong>: vertical (elicit, domain, dynamics, scope) then horizontal (design to increments)</li><li>Maturity: <strong>Initial Draft → Walking Skeleton → MVP → MMP/MLP</strong></li><li><strong>Pyramid model</strong>: max 3 levels (System → Subsystem → Component) + cross-cutting</li><li><strong>Inverse Conway Maneuver</strong>: design architecture first, then reorganize teams to match</li></ul>	SWA::Blue-Architecture
Architecture Quality &amp;amp; Architecture Review<br><br><i>How is architecture quality verified, and what do ATAM, ADR and Industry Practice deliver?</i>	<b>Quality cannot be declared, it must be &lt;strong&gt;verified&lt;/strong&gt;; review = &lt;strong&gt;static verification of architecture&lt;/strong&gt;</b><br><ul><li><strong>5 characteristics</strong>: Clean, Simple, Flexible, Evolvable, Agile (bbv cheat sheet)</li><li><strong>Drift</strong> = decisions architecture does not contain; <strong>Erosion</strong> = decisions violating it</li><li><strong>Quantitative</strong>: Code Quality Assessment (<strong>architecture conformance</strong>), Simulation, Prototyping</li><li><strong>Prototypes</strong>: Throw-away / Incremental (full production quality) / Evolutionary — decide up front</li><li><strong>Qualitative</strong>: <strong>ADR</strong> (challenges, 2 days), <strong>Industry Practice</strong> (4 weeks, concrete measures), <strong>ATAM</strong> (workshop, 2 weeks, <strong>no measures</strong>) — complementary</li><li><strong>ATAM chain</strong>: Sensitivity Point (cell) → Tradeoff (column) → Risk/Non-Risk (row) → <strong>Risk Themes</strong></li><li>Risk/Non-Risk only definable <strong>relative to quality prioritization</strong> — no priorities, no risk</li><li><strong>ATAM Matrix</strong>: rows = scenarios by decreasing importance, columns = decisions + constraints, cells need <strong>rationale</strong>; <strong>"?"</strong> = assignment for prototype</li><li><strong>Paper tiger</strong> smell: approving documents and empty interfaces gives false confidence</li></ul>	SWA::Blue-Architecture
Role of the Siemens SWA<br><br><i>What is the Siemens Software Architect responsible for, and where are the boundaries of the role?</i>	<b>Responsible for the &lt;strong&gt;effective technical solution&lt;/strong&gt;, not just a diagram or document</b><br><ul><li><strong>5 duties</strong>: clarify requirements, assess alternatives, drive realization, keep shared understanding, verify quality</li><li>Leads <strong>technically without disciplinary authority</strong> — decisions must be understandable and justified</li><li>Competences: technical/methodical, domain/product, requirements &amp; quality, communication, business thinking</li><li>Communication partners: PO/PM, requirements engineer, developers &amp; integrators, <strong>testers/test architect</strong>, operations &amp; service</li><li><strong>Testability</strong> = <strong>controllability</strong> (trigger the situation) + <strong>observability</strong> (see the reaction)</li><li>Architectural risks drive <strong>risk-based testing</strong>; integration and NFR tests validate the architecture</li><li><strong>Classical architect</strong> (broad mandate, coherence) vs <strong>part-time architecture owner</strong> (close to code, bottleneck risk)</li><li>Part-time model works only with bounded scope, dedicated capacity, clear rights and escalation</li><li>Anti-patterns: decision without alternatives, vague quality requirement, "automated = testable", deciding in isolation</li></ul>	SWA::Blue-Architecture
Requirements Engineering General<br><br><i>What are the core activities and principles of Requirements Engineering for a software architect?</i>	<b>&lt;strong&gt;RE activities&lt;/strong&gt;: elicitation, documentation, validation, management</b><br><ul><li><strong>Kano model</strong>: Basic (must-have), Performance (linear), Excitement (delight)</li><li><strong>Requirements</strong> describe WHAT the system must do, not HOW</li><li>SWA must ensure requirements are <strong>testable and traceable</strong></li><li><strong>Stakeholder analysis</strong> identifies who influences requirements</li><li>Requirements evolve; <strong>change management</strong> process is essential</li></ul>	SWA::Gray-Requirements
Problem vs Solution Space<br><br><i>How do you distinguish the Problem Space from the Solution Space in requirements?</i>	<b>&lt;strong&gt;Problem Space&lt;/strong&gt;: stakeholder needs, goals, and domain constraints</b><br><ul><li><strong>Solution Space</strong>: technical design, architecture, implementation choices</li><li>Mixing spaces leads to <strong>premature design decisions</strong> in requirements</li><li><strong>Twin Peaks</strong> model: requirements and architecture co-evolve iteratively</li><li>SWA bridges both spaces via <strong>ASR identification</strong> and trade-off analysis</li><li>Domain model belongs to <strong>Problem Space</strong>; deployment model to Solution Space</li></ul>	SWA::Gray-Requirements
Classification of Requirements<br><br><i>How are requirements classified into functional and non-functional categories?</i>	<b>&lt;strong&gt;Functional&lt;/strong&gt;: what the system does (features, business rules, data)</b><br><ul><li><strong>Non-functional (quality)</strong>: how well the system performs (ISO 25010)</li><li><strong>Constraints</strong>: mandatory boundaries (technology, legal, organizational)</li><li><strong>ISO 25010</strong> qualities: reliability, security, maintainability, performance, etc.</li><li>NFRs are <strong>architecturally significant</strong> — they shape design decisions</li><li>Each NFR needs a <strong>measurable quality scenario</strong> for testability</li></ul>	SWA::Gray-Requirements
SWA Goals in Requirements Engineering<br><br><i>What are the architect's specific goals and responsibilities in RE?</i>	<b>Identify &lt;strong&gt;Architecturally Significant Requirements (ASR)&lt;/strong&gt; early</b><br><ul><li>Ensure NFRs are <strong>specific, measurable, and testable</strong> (quality scenarios)</li><li>Challenge requirements that are <strong>contradictory or technically infeasible</strong></li><li><strong>Utility Tree</strong> prioritizes ASRs by business value and architectural risk</li><li>SWA participates in <strong>requirements reviews</strong> and validation workshops</li><li>Bridge between <strong>stakeholder needs</strong> and <strong>technical feasibility</strong></li></ul>	SWA::Gray-Requirements
Requirement Elicitation<br><br><i>What techniques are used to elicit requirements, and what are their trade-offs?</i>	<b>&lt;strong&gt;Interviews&lt;/strong&gt;: deep insight but time-intensive and interviewer-biased</b><br><ul><li><strong>Workshops</strong> (e.g., JAD): collaborative, fast consensus, but expensive to organize</li><li><strong>Prototyping</strong>: validates UI/UX early; risk of <strong>anchoring</strong> on prototype</li><li><strong>Observation</strong> (ethnography): reveals tacit knowledge users cannot articulate</li><li><strong>Document analysis</strong>: leverages existing specs but may be outdated</li><li><strong>Questionnaires</strong>: scalable for large groups but low-depth responses</li><li>SWA focuses on eliciting <strong>quality attributes and constraints</strong></li></ul>	SWA::Gray-Requirements
Requirement Consolidation<br><br><i>How are elicited requirements consolidated into a coherent, conflict-free set?</i>	<b>&lt;strong&gt;Consolidation&lt;/strong&gt; merges, deduplicates, and resolves requirement conflicts</b><br><ul><li><strong>Conflict types</strong>: contradictions, redundancies, ambiguities, gaps</li><li><strong>Prioritization</strong> techniques: MoSCoW, Kano, Weighted Scoring, Cost of Delay</li><li><strong>Negotiation</strong> with stakeholders when trade-offs are unavoidable</li><li><strong>Traceability matrix</strong> links requirements to sources and tests</li><li>SWA ensures <strong>architectural consistency</strong> across consolidated requirements</li></ul>	SWA::Gray-Requirements
Requirement Analysis<br><br><i>How does requirement analysis ensure quality, feasibility, and architectural alignment?</i>	<b>&lt;strong&gt;Analysis&lt;/strong&gt; checks completeness, consistency, feasibility, and testability</b><br><ul><li><strong>Impact analysis</strong> evaluates how new requirements affect existing architecture</li><li><strong>Feasibility study</strong>: technical risk, cost, and timeline assessment</li><li><strong>Modeling</strong> techniques: use cases, user stories, domain models, state diagrams</li><li><strong>Acceptance criteria</strong> must be defined for every requirement</li><li>SWA validates that NFRs are <strong>architecturally achievable</strong> with chosen tactics</li></ul>	SWA::Gray-Requirements
Requirements Pyramid<br><br><i>What is the Requirements Pyramid and how do abstraction levels relate?</i>	<b>&lt;strong&gt;Pyramid levels&lt;/strong&gt;: Business Goals → Features → Use Cases → User Stories → Tasks</b><br><ul><li>Each level adds <strong>detail and testability</strong>; higher levels are more stable</li><li><strong>Epics</strong> decompose into stories; stories into <strong>acceptance criteria</strong></li><li><strong>INVEST</strong> criteria for good user stories: Independent, Negotiable, Valuable, Estimable, Small, Testable</li><li>SWA works primarily at <strong>Feature and Use Case</strong> levels for ASR identification</li><li><strong>Vertical slicing</strong> delivers value across all architecture layers per story</li></ul>	SWA::Gray-Requirements
Definition of Done vs Definition of Ready<br><br><i>How do DoD and DoR ensure quality gates in agile requirements management?</i>	<b>&lt;strong&gt;DoR&lt;/strong&gt;: checklist before a story enters a sprint (clear, estimated, testable)</b><br><ul><li><strong>DoD</strong>: checklist before a story is considered complete (coded, tested, reviewed)</li><li>DoR prevents <strong>incomplete requirements</strong> from entering development</li><li>DoD ensures <strong>consistent quality</strong> across all delivered increments</li><li>SWA adds architectural criteria: <strong>ADR written, NFRs validated, no new debt</strong></li><li>Both evolve over time as the team <strong>matures and learns</strong></li></ul>	SWA::Gray-Requirements
FURPS+ and Non-Functional Requirements<br><br><i>What is the FURPS+ model and how does it structure non-functional requirements?</i>	<b>&lt;strong&gt;FURPS+&lt;/strong&gt;: Functionality, Usability, Reliability, Performance, Supportability</b><br><ul><li><strong>+</strong> adds: Design, Implementation, Interface, Physical constraints</li><li>Each quality must have <strong>measurable acceptance criteria</strong> (response time < 200ms)</li><li><strong>Quality scenarios</strong> (SEI format) make NFRs testable and unambiguous</li><li>NFRs drive <strong>architectural decisions</strong> more than functional requirements</li><li>Trade-offs between qualities require <strong>explicit stakeholder agreement</strong></li></ul>	SWA::Gray-Requirements
Role of SWA and Quality Attributes<br><br><i>How does the software architect translate quality attributes into architectural decisions?</i>	<b>SWA is the &lt;strong&gt;guardian of quality attributes&lt;/strong&gt; across the system lifecycle</b><br><ul><li><strong>ATAM</strong> evaluates architecture against quality attribute scenarios</li><li><strong>Sensitivity points</strong>: decisions affecting one quality attribute significantly</li><li><strong>Trade-off points</strong>: decisions affecting multiple qualities in opposing directions</li><li><strong>Risks</strong> and <strong>non-risks</strong> documented for stakeholder transparency</li><li>Quality attributes must be <strong>prioritized</strong> — you cannot optimize all equally</li></ul>	SWA::Gray-Requirements
Siemens Development System<br><br><i>What is the Siemens Development System and how does it guide software development at Siemens?</i>	<b>&lt;strong&gt;SDS&lt;/strong&gt; is Siemens' company-wide framework for product development</b><br><ul><li>Combines <strong>agile methods</strong> with stage-gate governance for enterprise scale</li><li><strong>Quality Gates</strong> (QG0–QG5) ensure milestone-based decision checkpoints</li><li>Architects must align <strong>architecture milestones</strong> with QG deliverables</li><li><strong>SWCOE</strong> provides cross-BU standards, tools, and best practices</li><li>SDS balances <strong>local team autonomy</strong> with corporate compliance needs</li></ul>	SWA::Green-Business
Cynefin Framework<br><br><i>How does the Cynefin framework help architects choose the right approach for a given problem?</i>	<b>Five domains: &lt;strong&gt;Clear, Complicated, Complex, Chaotic, Confused&lt;/strong&gt;</b><br><ul><li><strong>Clear</strong>: best practice, sense-categorize-respond (standard patterns)</li><li><strong>Complicated</strong>: good practice, sense-analyze-respond (expert analysis)</li><li><strong>Complex</strong>: emergent practice, probe-sense-respond (experiments, spikes)</li><li><strong>Chaotic</strong>: novel practice, act-sense-respond (stabilize first)</li><li>Architects use Cynefin to decide between <strong>upfront design vs emergent architecture</strong></li></ul>	SWA::Green-Business
Output vs Outcome vs Impact<br><br><i>What is the difference between Output, Outcome, and Impact, and why does it matter for architects?</i>	<b>&lt;strong&gt;Output&lt;/strong&gt;: what we build (features, components, deliverables)</b><br><ul><li><strong>Outcome</strong>: behavior change in users enabled by the output</li><li><strong>Impact</strong>: business-level result (revenue, market share, cost reduction)</li><li>Teams often optimize for <strong>output</strong> when they should target <strong>outcome</strong></li><li><strong>OKRs</strong> connect team objectives to measurable outcome/impact results</li><li>Architects should justify decisions by <strong>expected outcome</strong>, not just technical merit</li></ul>	SWA::Green-Business
Technical Debt<br><br><i>How should architects manage technical debt from a business perspective?</i>	<b>&lt;strong&gt;Cunningham's metaphor&lt;/strong&gt;: debt = faster delivery now, interest = future cost</b><br><ul><li><strong>Quadrant</strong>: Deliberate/Inadvertent × Prudent/Reckless (4 types)</li><li><strong>Prudent deliberate</strong>: conscious trade-off with documented repayment plan</li><li>Debt becomes visible through <strong>velocity decline and defect rate increase</strong></li><li>Architect must <strong>quantify debt in business terms</strong> (cost, risk, timeline impact)</li><li><strong>Boy Scout Rule</strong>: leave code better than found; incremental payoff</li></ul>	SWA::Green-Business
Continuous Delivery and DORA Metrics<br><br><i>How do DORA metrics measure software delivery performance, and what enables Continuous Delivery?</i>	<b>Four DORA metrics: &lt;strong&gt;Lead Time, Deploy Frequency, MTTR, Change Failure Rate&lt;/strong&gt;</b><br><ul><li><strong>Elite performers</strong>: multiple deploys/day, <1h lead time, <1h MTTR</li><li><strong>CD pipeline</strong>: commit → build → test → staging → production (automated)</li><li>Architecture must support <strong>independent deployability</strong> and feature toggles</li><li><strong>Trunk-based development</strong> with short-lived branches reduces merge conflicts</li><li>DORA proves <strong>speed and stability are not trade-offs</strong> — they reinforce each other</li></ul>	SWA::Green-Business
Component Teams vs Feature Teams<br><br><i>What are the trade-offs between component teams and feature teams?</i>	<b>&lt;strong&gt;Component teams&lt;/strong&gt;: own a technical layer (DB, API, UI); deep expertise</b><br><ul><li><strong>Feature teams</strong>: own end-to-end delivery of a user-facing feature</li><li>Component teams create <strong>handoff bottlenecks</strong> and cross-team dependencies</li><li>Feature teams need <strong>broad skills</strong> but deliver value faster with less coordination</li><li><strong>Conway's Law</strong>: architecture mirrors team structure; choose teams intentionally</li><li>Hybrid approach: feature teams with <strong>enabling teams</strong> for specialized expertise</li></ul>	SWA::Green-Business
Host Leadership<br><br><i>What is Host Leadership and how does it apply to software architects?</i>	<b>&lt;strong&gt;Host metaphor&lt;/strong&gt;: leader as host of a party, not commander of troops</b><br><ul><li>Four positions: <strong>In the Spotlight, With the Guests, In the Gallery, In the Kitchen</strong></li><li><strong>Spotlight</strong>: set direction and vision; <strong>Gallery</strong>: observe and reflect</li><li><strong>With Guests</strong>: collaborate as equal; <strong>Kitchen</strong>: prepare behind scenes</li><li>Architects shift between <strong>leading and stepping back</strong> depending on context</li><li>Effective architects <strong>create space</strong> for teams to make decisions autonomously</li></ul>	SWA::Green-Business
Open Source Software at Siemens<br><br><i>What are the key considerations for using and contributing to OSS at Siemens?</i>	<b>&lt;strong&gt;License compliance&lt;/strong&gt;: permissive (MIT, Apache) vs copyleft (GPL, AGPL)</b><br><ul><li><strong>AGPL</strong> requires source disclosure for network use — high risk for products</li><li>Siemens uses <strong>OSS scanning tools</strong> to detect license and vulnerability issues</li><li><strong>Inner Source</strong>: applying OSS collaboration patterns within the company</li><li>Architects must evaluate <strong>community health, maintenance, and security</strong> of OSS</li><li><strong>SBOM</strong> (Software Bill of Materials) tracks all OSS components in products</li></ul>	SWA::Green-Business
97 Things Every SWA Should Know<br><br><i>What are the key recurring themes from '97 Things Every Software Architect Should Know'?</i>	<b>&lt;strong&gt;Simplicity&lt;/strong&gt;: prefer the simplest solution that could possibly work</b><br><ul><li><strong>Communication</strong> is more important than technical skill for architects</li><li><strong>There is no one-size-fits-all</strong> solution; context drives every decision</li><li><strong>Continuously learn</strong>: architects must stay hands-on and current</li><li><strong>Stand behind decisions</strong> and own consequences; avoid ivory tower</li><li>Architecture is about <strong>trade-offs</strong>, not finding the perfect answer</li></ul>	SWA::Green-Business
Value of Testing, Test Exit Criteria<br><br><i>What determines when testing should stop, and how does the Cost of Quality model guide testing investment?</i>	<b>&lt;strong&gt;Cost of Quality&lt;/strong&gt; = prevention + appraisal + failure costs</b><br><ul><li>Sweet spot: marginal cost of next bug exceeds <strong>expected loss</strong></li><li><strong>Test exit criteria</strong> define conditions to end a testing phase</li><li>Testing provides <strong>information</strong> about quality, not quality itself</li><li><strong>Residual risk</strong> remains after testing; must be communicated to stakeholders</li><li><strong>Absence-of-errors fallacy</strong>: bug-free software can still fail users</li></ul>	SWA::Red-Test
Software Testing and Quality<br><br><i>How do QA, QC, and Testing differ, and what are the seven principles of software testing?</i>	<b>&lt;strong&gt;QA&lt;/strong&gt; = process-focused prevention; &lt;strong&gt;QC&lt;/strong&gt; = product conformity checks</b><br><ul><li><strong>Verification</strong> (building product right) vs <strong>Validation</strong> (building right product)</li><li>Seven principles include <strong>defect clustering</strong> and <strong>pesticide paradox</strong></li><li><strong>Exhaustive testing</strong> is impossible; use risk-based prioritization</li><li><strong>Design for Testability</strong> uses DI and Humble Object patterns</li><li><strong>Test strategy</strong> is static/high-level; <strong>test plan</strong> is project-specific</li><li>Testability is a key <strong>non-functional requirement</strong> for architecture</li></ul>	SWA::Red-Test
Test Levels, Test Pyramid<br><br><i>What are the four test levels, and how do the Testing Pyramid and Testing Trophy differ in strategy?</i>	<b>Four levels: &lt;strong&gt;Unit, Integration, System, Acceptance&lt;/strong&gt; testing</b><br><ul><li><strong>Testing Pyramid</strong> (Cohn): broad unit base, narrow E2E top</li><li><strong>Testing Trophy</strong> (Dodds): emphasizes integration + static analysis</li><li><strong>Ice Cream Cone</strong> anti-pattern inverts pyramid with excessive E2E</li><li><strong>Shift-left</strong> finds defects early at lowest, cheapest test level</li><li>Architecture must support <strong>isolation and DI</strong> to fill pyramid base</li></ul>	SWA::Red-Test
Unit Testing<br><br><i>What defines a good unit test, and how do test doubles, coverage metrics, and TDD support unit-level verification?</i>	<b>&lt;strong&gt;SUT/CUT&lt;/strong&gt;: smallest independently testable code element in isolation</b><br><ul><li>Test doubles: <strong>Stub, Mock, Spy, Fake, Dummy</strong> replace dependencies</li><li>Structural coverage: <strong>Statement, Branch, MC/DC</strong> (ASIL D requires MC/DC)</li><li><strong>TDD Red-Green-Refactor</strong> drives design and ensures early coverage</li><li><strong>Over-mocking</strong> couples tests to implementation, breaking on refactor</li><li><strong>Host vs Target</strong>: fast CI feedback vs real compiler/HW fidelity</li><li><strong>Humble Object</strong> separates testable logic from untestable environment</li></ul>	SWA::Red-Test
Integration Testing<br><br><i>What integration strategies exist, and how does integration testing verify component interactions?</i>	<b>Strategies: &lt;strong&gt;Top-Down, Bottom-Up, Sandwich, Big-Bang&lt;/strong&gt; integration</b><br><ul><li><strong>Test Driver</strong> calls SUT from above; <strong>Test Stub</strong> replaces below</li><li><strong>HSI testing</strong> verifies hardware-software interface correctness</li><li><strong>Contract Testing / CDC</strong> validates interface compatibility independently</li><li>Resource allocation testing checks <strong>RAM, ROM, Stack, CPU</strong> usage</li><li><strong>Fault injection</strong> verifies error handling and recovery mechanisms</li><li><strong>Bidirectional traceability</strong> (SRTM) links requirements to test cases</li></ul>	SWA::Red-Test
Contract Testing<br><br><i>How do Consumer-Driven Contracts prevent integration failures in distributed systems?</i>	<b>&lt;strong&gt;CDC&lt;/strong&gt;: consumer defines expected provider behavior in a contract</b><br><ul><li><strong>Pact framework</strong> generates pact files from consumer test expectations</li><li><strong>Mock drift</strong> problem: local mocks diverge from real provider behavior</li><li><strong>Provider States</strong> set up required preconditions for contract verification</li><li><strong>Pact Broker</strong> shares and versions contracts across CI/CD pipelines</li><li>Contracts verify <strong>interface compatibility</strong>, not business logic</li><li>Enables <strong>independent deployability</strong> of services without full E2E tests</li></ul>	SWA::Red-Test
Systematic Test Design<br><br><i>What is the systematic test design process, and how do black-box and white-box techniques complement each other?</i>	<b>&lt;strong&gt;Test basis&lt;/strong&gt;: requirements, architecture, specs drive test derivation</b><br><ul><li>Black-box: <strong>Equivalence Partitioning, BVA, State-based</strong> testing</li><li>White-box: <strong>Statement, Branch, Path</strong> coverage of code structure</li><li><strong>Test oracle</strong> defines expected results for pass/fail evaluation</li><li><strong>SRTM</strong> traces requirements to test cases bidirectionally</li><li>STD is a <strong>process/methodology</strong>; TDT are architectural design patterns</li></ul>	SWA::Red-Test
Test Design Tactics<br><br><i>How do Test Design Tactics translate a test strategy into specific, measurable test cases?</i>	<b>&lt;strong&gt;TDT&lt;/strong&gt; reduce infinite input space to optimal finite test scenarios</b><br><ul><li><strong>EP</strong> divides domain into valid/invalid equivalence classes</li><li><strong>BVA</strong> tests boundary values B, B-delta, B+delta for off-by-one errors</li><li><strong>Decision tables</strong> expose missing or contradictory requirement rules</li><li><strong>State transition</strong> testing: 0-switch (states) vs 1-switch (sequences)</li><li><strong>MC/DC</strong> required for safety-critical code (ASIL D / ISO 26262)</li><li>Architecture needs <strong>controllability and observability</strong> to apply TDT</li></ul>	SWA::Red-Test
Test-Driven Development (TDD)<br><br><i>Why is TDD considered a design technique rather than just a testing method?</i>	<b>&lt;strong&gt;Red-Green-Refactor&lt;/strong&gt;: fail test, minimal code, clean up duplication</b><br><ul><li>TDD is primarily <strong>analysis and design</strong> (Test-Driven Design), not just QA</li><li>Enforces <strong>SOLID principles</strong>, DI, low coupling, and high cohesion</li><li><strong>Sociable</strong> (Detroit) tests real collaborators; <strong>Solitary</strong> (London) mocks all</li><li>Tests serve as <strong>living executable documentation</strong> of API behavior</li><li>TDD alone cannot cover <strong>NFRs</strong>: performance, concurrency, safety</li></ul>	SWA::Red-Test
Behavior Driven Development (BDD)<br><br><i>How does BDD bridge the communication gap between business and technical teams through executable specifications?</i>	<b>Uses &lt;strong&gt;Gherkin&lt;/strong&gt; format: Given (context), When (action), Then (result)</b><br><ul><li><strong>Three Amigos</strong>: BA + Developer + Tester align on examples before coding</li><li><strong>Outside-In</strong> development drives architecture from acceptance criteria inward</li><li><strong>Living Documentation</strong> auto-generated from CI test execution results</li><li><strong>Declarative</strong> scenarios describe business intent, not UI click steps</li><li>Requires <strong>layered/hexagonal architecture</strong> to isolate tests from infrastructure</li></ul>	SWA::Red-Test
Risk Based Testing<br><br><i>How does Risk-Based Testing prioritize testing effort using risk assessment?</i>	<b>Risk = &lt;strong&gt;Likelihood x Impact&lt;/strong&gt;; prioritizes where failure hurts most</b><br><ul><li><strong>Product risk</strong> (quality) is mitigable by testing; <strong>project risk</strong> is not</li><li><strong>RPN</strong> (Risk Priority Number) ranks risks by probability, impact, detectability</li><li><strong>FMEA</strong> for safety-critical; <strong>PRAM</strong> for lightweight risk analysis</li><li><strong>Depth-first</strong> targets high-risk items; <strong>Breadth-first</strong> covers all areas</li><li>Risk register must be <strong>continuously updated</strong>, not frozen after kick-off</li><li><strong>3 Amigos</strong> bring business, dev, and QA perspectives to risk assessment</li></ul>	SWA::Red-Test
Testing Non-Functional Requirements (NFR Testing)<br><br><i>How are quality attributes specified, measured, and tested across architecture and test levels?</i>	<b>NFR testing verifies &lt;strong&gt;how well&lt;/strong&gt; a system performs, not what it does</b><br><ul><li><strong>Quality Attribute Scenario</strong>: 6-part format with measurable response metric</li><li><strong>Utility Tree</strong> prioritizes NFRs by business value and architectural risk</li><li><strong>FURPS+</strong> model: Functionality, Usability, Reliability, Performance, Supportability</li><li><strong>Fault Injection</strong> deliberately introduces faults to verify safety mechanisms</li><li>Quality cannot be <strong>tested in</strong>; testing only verifies architectural decisions</li><li><strong>Shift-left NFR</strong>: test reliability and performance early, not only at end</li></ul>	SWA::Red-Test
Design for Testability<br><br><i>What architectural tactics make software testable, and what are the key trade-offs?</i>	<b>Two pillars: &lt;strong&gt;Controllability&lt;/strong&gt; (set inputs/states) and &lt;strong&gt;Observability&lt;/strong&gt; (monitor outputs)</b><br><ul><li><strong>Humble Object</strong> extracts testable logic from untestable framework code</li><li><strong>Dependency Injection</strong> enables test doubles and component isolation</li><li><strong>Front-door</strong> tests public API; <strong>back-door</strong> uses testability interfaces</li><li>Trade-offs: testability vs <strong>encapsulation, performance, and security</strong></li><li>James Bach's 5 dimensions: intrinsic, epistemic, project, subjective, value</li><li>DFT can save up to <strong>10% of total project budget</strong> through early defect detection</li></ul>	SWA::Red-Test
Internal Software Quality<br><br><i>How does internal software quality relate to testability, and what are the three levels of code quality?</i>	<b>&lt;strong&gt;Internal quality&lt;/strong&gt; = static code/architecture properties (ISO 9126/25010)</b><br><ul><li>Three levels: <strong>Micro</strong> (lines), <strong>Macro</strong> (classes/SOLID), <strong>Architecture</strong> (layers/cycles)</li><li><strong>Quality Management Chain</strong>: Process -> Internal -> External -> Quality-in-Use</li><li><strong>CQM</strong>: static analysis, coding guidelines, metrics, peer reviews</li><li><strong>Defect Gap Analysis</strong> tracks phase gap between error introduction and detection</li><li>Quality cannot be <strong>tested in</strong>; development and architecture create quality</li><li>Architect acts as <strong>protector of internal quality</strong> across all three levels</li></ul>	SWA::Red-Test
4C Learning Concept<br><br><i>What is the 4C learning model and how does it structure effective training sessions?</i>	<b>Four phases: &lt;strong&gt;Connect, Concept, Concrete Practice, Conclusion&lt;/strong&gt;</b><br><ul><li><strong>Connect</strong>: activate prior knowledge and link to learner's experience</li><li><strong>Concept</strong>: present new content in digestible, structured chunks</li><li><strong>Concrete Practice</strong>: hands-on exercises to apply and internalize knowledge</li><li><strong>Conclusion</strong>: summarize, reflect, and plan transfer to real work</li><li>Architect uses 4C to <strong>teach architecture decisions</strong> to dev teams</li><li>Active learning > passive lectures; <strong>70-20-10</strong> model supports this</li></ul>	SWA::Yellow-Social
Communication<br><br><i>Why is communication the architect's most critical skill, and what models guide effective communication?</i>	<b>&lt;strong&gt;Schulz von Thun&lt;/strong&gt;: every message has 4 sides (fact, self-reveal, relationship, appeal)</b><br><ul><li><strong>Active listening</strong>: paraphrase, ask open questions, withhold judgment</li><li><strong>Nonviolent Communication</strong> (Rosenberg): observation, feeling, need, request</li><li>Architects spend <strong>~70% of time communicating</strong>, not coding</li><li><strong>Adapt communication style</strong> to audience (C-level vs developers vs testers)</li><li>Miscommunication is the <strong>#1 cause</strong> of architectural misalignment</li></ul>	SWA::Yellow-Social
Peer Feedback (PEW Method)<br><br><i>How does the PEW method structure constructive peer feedback?</i>	<b>&lt;strong&gt;PEW&lt;/strong&gt;: Perception, Effect, Wish — structured feedback framework</b><br><ul><li><strong>Perception</strong>: describe observable behavior without interpretation</li><li><strong>Effect</strong>: explain the impact of the behavior on you or the team</li><li><strong>Wish</strong>: state a concrete, actionable change request</li><li>Feedback should be <strong>timely, specific, and behavior-focused</strong> (not personal)</li><li>Receiving: <strong>listen, ask clarifying questions</strong>, don't defend immediately</li></ul>	SWA::Yellow-Social
Leadership Without Formal Power<br><br><i>How can architects lead effectively without formal authority over teams?</i>	<b>Architects often have &lt;strong&gt;influence but no direct authority&lt;/strong&gt; over dev teams</b><br><ul><li><strong>Expert power</strong>: credibility through technical competence and hands-on work</li><li><strong>Referent power</strong>: trust built through relationships and consistent behavior</li><li><strong>Servant leadership</strong>: remove obstacles, enable teams, share credit</li><li>Use <strong>persuasion over prescription</strong>: explain WHY behind architecture decisions</li><li><strong>Build coalitions</strong>: align with tech leads, POs, and key developers first</li></ul>	SWA::Yellow-Social
Motivation<br><br><i>What motivational theories help architects understand and influence team behavior?</i>	<b>&lt;strong&gt;Intrinsic motivation&lt;/strong&gt; (autonomy, mastery, purpose) outperforms extrinsic rewards</b><br><ul><li><strong>Pink's Drive</strong>: Autonomy, Mastery, Purpose as three pillars of motivation</li><li><strong>Herzberg</strong>: hygiene factors prevent dissatisfaction; motivators create satisfaction</li><li><strong>Self-Determination Theory</strong>: competence, autonomy, relatedness are universal needs</li><li>Architects foster motivation by <strong>giving teams ownership</strong> of design decisions</li><li>Avoid <strong>micromanagement</strong> — it destroys autonomy and intrinsic motivation</li></ul>	SWA::Yellow-Social
Stakeholder Presentation<br><br><i>How should architects present architecture decisions to different stakeholder groups?</i>	<b>&lt;strong&gt;Know your audience&lt;/strong&gt;: C-level wants business impact; devs want technical detail</b><br><ul><li><strong>Pyramid Principle</strong> (Minto): lead with conclusion, then supporting arguments</li><li>Use <strong>visual aids</strong>: C4 diagrams, architecture decision matrices, trade-off tables</li><li><strong>Storytelling</strong>: frame decisions as solutions to stakeholder problems</li><li>Address <strong>risks and trade-offs</strong> proactively — don't wait to be asked</li><li>Keep presentations <strong>short and focused</strong>; detailed backup in appendix</li></ul>	SWA::Yellow-Social
Change Management and Fearless Change<br><br><i>How does the Fearless Change pattern language help architects drive organizational adoption?</i>	<b>&lt;strong&gt;Fearless Change&lt;/strong&gt; (Rising/Manns): 48 patterns for introducing new ideas</b><br><ul><li><strong>Evangelist</strong>: passionate advocate who persistently promotes the change</li><li><strong>Small Successes</strong>: demonstrate quick wins to build momentum and credibility</li><li><strong>Ask for Help</strong>: involve skeptics early to convert resistance into ownership</li><li><strong>Dedicated Champion</strong>: senior ally who provides political cover and resources</li><li>Change is <strong>emotional, not just rational</strong>; address feelings alongside facts</li></ul>	SWA::Yellow-Social
Coaching and Sparring<br><br><i>How do coaching and sparring sessions support architect development and team growth?</i>	<b>&lt;strong&gt;Coaching&lt;/strong&gt;: guide through questions, don't give answers directly</b><br><ul><li><strong>Sparring</strong>: peer-level challenge of ideas to stress-test architecture decisions</li><li><strong>GROW model</strong>: Goal, Reality, Options, Will — structured coaching conversations</li><li>Architects need <strong>both coaching (receive) and mentoring (give)</strong> roles</li><li><strong>Socratic questioning</strong> helps teams discover solutions independently</li><li>Regular sparring prevents <strong>confirmation bias</strong> in architecture decisions</li></ul>	SWA::Yellow-Social
Self-Leadership and the Responsibility Process<br><br><i>How does the Responsibility Process help architects move from blame to ownership?</i>	<b>&lt;strong&gt;Responsibility Process&lt;/strong&gt; (Avery): Denial → Blame → Justify → Shame → Obligation → Responsibility</b><br><ul><li>Only at <strong>Responsibility</strong> level do you have full power to act and change</li><li><strong>Quit</strong> is an escape at any stage — choosing to disengage from the problem</li><li>Self-leadership requires <strong>awareness</strong> of which stage you're currently in</li><li>Architects model <strong>ownership culture</strong> by taking responsibility for failures</li><li><strong>Intention + Awareness + Confront</strong> are the three keys to reaching Responsibility</li></ul>	SWA::Yellow-Social
