Requirements Engineering General<br><br><i>What are the core activities and principles of Requirements Engineering for a software architect?</i>	<b>&lt;strong&gt;RE activities&lt;/strong&gt;: elicitation, documentation, validation, management</b><br><ul><li><strong>Kano model</strong>: Basic (must-have), Performance (linear), Excitement (delight)</li><li><strong>Requirements</strong> describe WHAT the system must do, not HOW</li><li>SWA must ensure requirements are <strong>testable and traceable</strong></li><li><strong>Stakeholder analysis</strong> identifies who influences requirements</li><li>Requirements evolve; <strong>change management</strong> process is essential</li></ul>	SWA::Gray-Requirements
Problem vs Solution Space<br><br><i>How do you distinguish the Problem Space from the Solution Space in requirements?</i>	<b>&lt;strong&gt;Problem Space&lt;/strong&gt;: stakeholder needs, goals, and domain constraints</b><br><ul><li><strong>Solution Space</strong>: technical design, architecture, implementation choices</li><li>Mixing spaces leads to <strong>premature design decisions</strong> in requirements</li><li><strong>Twin Peaks</strong> model: requirements and architecture co-evolve iteratively</li><li>SWA bridges both spaces via <strong>ASR identification</strong> and trade-off analysis</li><li>Domain model belongs to <strong>Problem Space</strong>; deployment model to Solution Space</li></ul>	SWA::Gray-Requirements
Classification of Requirements<br><br><i>How are requirements classified into functional and non-functional categories?</i>	<b>&lt;strong&gt;Functional&lt;/strong&gt;: what the system does (features, business rules, data)</b><br><ul><li><strong>Non-functional (quality)</strong>: how well the system performs (ISO 25010)</li><li><strong>Constraints</strong>: mandatory boundaries (technology, legal, organizational)</li><li><strong>ISO 25010</strong> qualities: reliability, security, maintainability, performance, etc.</li><li>NFRs are <strong>architecturally significant</strong> — they shape design decisions</li><li>Each NFR needs a <strong>measurable quality scenario</strong> for testability</li></ul>	SWA::Gray-Requirements
SWA Goals in Requirements Engineering<br><br><i>What are the architect's specific goals and responsibilities in RE?</i>	<b>Identify &lt;strong&gt;Architecturally Significant Requirements (ASR)&lt;/strong&gt; early</b><br><ul><li>Ensure NFRs are <strong>specific, measurable, and testable</strong> (quality scenarios)</li><li>Challenge requirements that are <strong>contradictory or technically infeasible</strong></li><li><strong>Utility Tree</strong> prioritizes ASRs by business value and architectural risk</li><li>SWA participates in <strong>requirements reviews</strong> and validation workshops</li><li>Bridge between <strong>stakeholder needs</strong> and <strong>technical feasibility</strong></li></ul>	SWA::Gray-Requirements
Requirement Elicitation<br><br><i>What techniques are used to elicit requirements, and what are their trade-offs?</i>	<b>&lt;strong&gt;Interviews&lt;/strong&gt;: deep insight but time-intensive and interviewer-biased</b><br><ul><li><strong>Workshops</strong> (e.g., JAD): collaborative, fast consensus, but expensive to organize</li><li><strong>Prototyping</strong>: validates UI/UX early; risk of <strong>anchoring</strong> on prototype</li><li><strong>Observation</strong> (ethnography): reveals tacit knowledge users cannot articulate</li><li><strong>Document analysis</strong>: leverages existing specs but may be outdated</li><li><strong>Questionnaires</strong>: scalable for large groups but low-depth responses</li><li>SWA focuses on eliciting <strong>quality attributes and constraints</strong></li></ul>	SWA::Gray-Requirements
Requirement Consolidation<br><br><i>How are elicited requirements consolidated into a coherent, conflict-free set?</i>	<b>&lt;strong&gt;Consolidation&lt;/strong&gt; merges, deduplicates, and resolves requirement conflicts</b><br><ul><li><strong>Conflict types</strong>: contradictions, redundancies, ambiguities, gaps</li><li><strong>Prioritization</strong> techniques: MoSCoW, Kano, Weighted Scoring, Cost of Delay</li><li><strong>Negotiation</strong> with stakeholders when trade-offs are unavoidable</li><li><strong>Traceability matrix</strong> links requirements to sources and tests</li><li>SWA ensures <strong>architectural consistency</strong> across consolidated requirements</li></ul>	SWA::Gray-Requirements
Requirement Analysis<br><br><i>How does requirement analysis ensure quality, feasibility, and architectural alignment?</i>	<b>&lt;strong&gt;Analysis&lt;/strong&gt; checks completeness, consistency, feasibility, and testability</b><br><ul><li><strong>Impact analysis</strong> evaluates how new requirements affect existing architecture</li><li><strong>Feasibility study</strong>: technical risk, cost, and timeline assessment</li><li><strong>Modeling</strong> techniques: use cases, user stories, domain models, state diagrams</li><li><strong>Acceptance criteria</strong> must be defined for every requirement</li><li>SWA validates that NFRs are <strong>architecturally achievable</strong> with chosen tactics</li></ul>	SWA::Gray-Requirements
Requirements Pyramid<br><br><i>What is the Requirements Pyramid and how do abstraction levels relate?</i>	<b>&lt;strong&gt;Pyramid levels&lt;/strong&gt;: Business Goals → Features → Use Cases → User Stories → Tasks</b><br><ul><li>Each level adds <strong>detail and testability</strong>; higher levels are more stable</li><li><strong>Epics</strong> decompose into stories; stories into <strong>acceptance criteria</strong></li><li><strong>INVEST</strong> criteria for good user stories: Independent, Negotiable, Valuable, Estimable, Small, Testable</li><li>SWA works primarily at <strong>Feature and Use Case</strong> levels for ASR identification</li><li><strong>Vertical slicing</strong> delivers value across all architecture layers per story</li></ul>	SWA::Gray-Requirements
Definition of Done vs Definition of Ready<br><br><i>How do DoD and DoR ensure quality gates in agile requirements management?</i>	<b>&lt;strong&gt;DoR&lt;/strong&gt;: checklist before a story enters a sprint (clear, estimated, testable)</b><br><ul><li><strong>DoD</strong>: checklist before a story is considered complete (coded, tested, reviewed)</li><li>DoR prevents <strong>incomplete requirements</strong> from entering development</li><li>DoD ensures <strong>consistent quality</strong> across all delivered increments</li><li>SWA adds architectural criteria: <strong>ADR written, NFRs validated, no new debt</strong></li><li>Both evolve over time as the team <strong>matures and learns</strong></li></ul>	SWA::Gray-Requirements
FURPS+ and Non-Functional Requirements<br><br><i>What is the FURPS+ model and how does it structure non-functional requirements?</i>	<b>&lt;strong&gt;FURPS+&lt;/strong&gt;: Functionality, Usability, Reliability, Performance, Supportability</b><br><ul><li><strong>+</strong> adds: Design, Implementation, Interface, Physical constraints</li><li>Each quality must have <strong>measurable acceptance criteria</strong> (response time < 200ms)</li><li><strong>Quality scenarios</strong> (SEI format) make NFRs testable and unambiguous</li><li>NFRs drive <strong>architectural decisions</strong> more than functional requirements</li><li>Trade-offs between qualities require <strong>explicit stakeholder agreement</strong></li></ul>	SWA::Gray-Requirements
Role of SWA and Quality Attributes<br><br><i>How does the software architect translate quality attributes into architectural decisions?</i>	<b>SWA is the &lt;strong&gt;guardian of quality attributes&lt;/strong&gt; across the system lifecycle</b><br><ul><li><strong>ATAM</strong> evaluates architecture against quality attribute scenarios</li><li><strong>Sensitivity points</strong>: decisions affecting one quality attribute significantly</li><li><strong>Trade-off points</strong>: decisions affecting multiple qualities in opposing directions</li><li><strong>Risks</strong> and <strong>non-risks</strong> documented for stakeholder transparency</li><li>Quality attributes must be <strong>prioritized</strong> — you cannot optimize all equally</li></ul>	SWA::Gray-Requirements
